,A_1,A_10,A_2,A_3,A_4,A_5,A_6,A_7,A_8,A_9,B_1,B_10,B_2,B_3,B_4,B_5,B_6,B_7,B_8,B_9
 g__1-68,0.0,0.0,0.0,0.0,0.0,0.0,0.0,1.5886380605906556e-05,0.0,0.0,0.0,0.0,0.0,0.0,0.0,0.0,1.4043957587248087e-05,0.0,5.765931990832168e-05,0.0
 g__AF12,1.7125926940795672e-05,0.0,0.0,0.0,0.0,0.0,0.0,9.531828363543934e-05,5.623269087484009e-05,0.0,0.0,0.0,0.0,5.342665188529298e-05,1.3990122973180934e-05,0.0,0.0,0.00014359563469270534,0.0003603707494270105,1.599334676774462e-05
 g__Abiotrophia,0.0,0.0,1.650437365901964e-05,0.0,5.04261005496445e-05,6.39785032229171e-05,3.3848965914091324e-05,0.0,0.0,0.0,1.408014418067641e-05,0.0,1.7447744006699935e-05,9.34966407992627e-05,0.0,0.0,4.213187276174426e-05,0.0,0.0,1.599334676774462e-05
 g__Acidaminococcus,0.005976948502337689,0.00015820054075821205,0.00021455685756725532,0.0001430615164520744,0.00011766090128250382,0.0003678763935317733,0.00037233862505500455,0.000142977425453159,0.00014058172718710022,0.0002711251694532309,0.0004224043254202923,0.00023673495154824658,0.0001570296960602994,0.00022706327051249517,8.39407378390856e-05,0.00015700312436217482,0.006544484235657609,0.00019744399770246985,0.00017297795972496505,9.59600806064677e-05
 g__Actinomyces,0.00013700741552636538,0.000719093367082782,0.0005116355834296089,0.00024320457796852646,0.00013446960146571866,0.00015994625805729274,0.0016247503638763836,6.354552242362623e-05,0.00021087259078065034,0.000195812622382889,0.00023936245107149896,6.312932041286575e-05,0.00012213420804689954,0.00032055991131175787,8.39407378390856e-05,6.280124974486992e-05,0.00018257144863422512,0.0001615450890292935,5.765931990832168e-05,3.198669353548924e-05
 g__Adlercreutzia,0.00015413334246716103,0.00028763734683311283,0.0003796005941574517,0.0016452074391988555,0.0005378784058628747,0.0006237904064234417,8.462241478522832e-05,0.000142977425453159,0.00018275624534323028,0.0003313752071095044,0.0011545718228154656,0.00033142893216754523,0.0006804620162612974,0.00029384658536911137,0.002770044348689825,0.0004867096855227419,0.00023874727898321748,0.0003948879954049397,0.00024505210961036717,0.00036784697565812624
 g__Aggregatibacter,0.0,0.0,0.0,0.0,0.0,0.0,0.0,0.0,2.8116345437420045e-05,1.5062509414068383e-05,0.0,0.0,0.0,0.0,0.0,0.0,0.0,0.0,1.441482997708042e-05,0.0
 g__Akkermansia,0.00010275556164477402,0.000517747224299603,4.951312097705892e-05,0.00709585121602289,0.0056477232615601836,0.00015994625805729274,0.00015232034661341097,3.177276121181311e-05,0.0002530471089367804,0.00010543756589847869,0.00035200360451691025,0.017297433793125216,0.00038385036814739856,0.001041819711763213,0.0649421508415059,0.00036110718603300204,0.0004072747700301945,0.0003948879954049397,0.00377668545399507,0.0004478137094968493
 g__Alistipes,1.7125926940795672e-05,4.314560202496692e-05,4.951312097705892e-05,0.00012875536480686696,0.00011766090128250382,4.7983877417187827e-05,5.0773448871136986e-05,0.00012709104484725245,7.029086359355011e-05,0.0034794396746497965,0.0,3.1564660206432876e-05,3.489548801339987e-05,0.0,4.19703689195428e-05,1.570031243621748e-05,8.426374552348851e-05,0.00012564618035611718,7.20741498854021e-05,0.00022390685474842466
 g__Allobaculum,0.0011131852511517186,5.752746936662256e-05,0.002673708532761182,0.0008011444921316165,0.0023868354260165063,0.003934677948209402,0.00020309379548454795,1.5886380605906556e-05,0.00011246538174968018,1.5062509414068383e-05,0.0011264115344541128,3.1564660206432876e-05,0.0028614300170987893,0.000707903137480132,0.0022943801676016734,0.002747554676338059,0.0003932308124429464,1.7949454336588168e-05,0.00015856312974788463,0.0
 g__Anaerofilum,0.0,7.190933670827821e-05,0.0,0.0,0.0,0.0,0.0,0.0,0.0,0.0,0.0,0.0,0.0,0.0,0.0,1.570031243621748e-05,0.0,0.0,4.324448993124126e-05,0.0
 g__Anaerofustis,0.0,1.438186734165564e-05,0.0,1.4306151645207439e-05,3.3617400366429666e-05,0.0,1.6924482957045662e-05,0.0,0.0,0.0,0.0,0.0,0.0,1.3356662971323245e-05,2.798024594636187e-05,0.0,2.8087915174496174e-05,0.0,0.0,1.599334676774462e-05
 g__Anaeroplasma,0.0,0.0,0.0,7.15307582260372e-05,1.6808700183214833e-05,0.0,0.0,0.0,2.8116345437420045e-05,3.0125018828136767e-05,0.0,0.0,0.0,1.3356662971323245e-05,0.0,0.0,0.0,0.0,4.324448993124126e-05,0.0
 g__Anaerostipes,0.001096059324210923,0.001438186734165564,0.0022776035649447104,0.0011158798283261802,0.011177785621837863,0.0011196238064010492,0.00020309379548454795,0.0006036824630244491,0.001335526408277452,0.0021388763367977104,0.004153642533299541,0.006391843691802658,0.0035418920333600864,0.001255526319304385,0.003007876439233901,0.003014459987753756,0.000491538515553683,0.003751435956346927,0.0038487596038804723,0.004446150401433004
 g__Anaerotruncus,6.850370776318269e-05,0.0002444917448081459,9.902624195411784e-05,0.00011444921316165951,1.6808700183214833e-05,9.596775483437565e-05,0.00011847138069931964,0.000285954850906318,0.0003373961452490405,0.00045187528242205153,7.040072090338205e-05,0.0004103405826836274,8.723872003349967e-05,6.678331485661622e-05,0.00011192098378544747,1.570031243621748e-05,0.0001966154062214732,0.0005743825387708214,0.000547763539129056,0.0005917538304065509
 g__Arthrobacter,1.7125926940795672e-05,2.876373468331128e-05,1.650437365901964e-05,2.8612303290414877e-05,5.04261005496445e-05,0.0,1.6924482957045662e-05,0.0006990007466598885,1.4058172718710023e-05,1.5062509414068383e-05,0.0,0.0,0.0,0.0,0.0,0.0,0.0,5.3848363009764504e-05,0.0,0.0
 g__Atopobium,0.0,0.0,9.902624195411784e-05,1.4306151645207439e-05,0.0,7.997312902864637e-05,3.3848965914091324e-05,1.5886380605906556e-05,1.4058172718710023e-05,4.518752824220515e-05,1.408014418067641e-05,0.0,1.7447744006699935e-05,4.0069988913969734e-05,1.3990122973180934e-05,3.140062487243496e-05,0.0,3.5898908673176336e-05,1.441482997708042e-05,1.599334676774462e-05
 g__Bacteroides,0.1266633556541248,0.014137375596847494,0.11927710843373494,0.020200286123032905,0.08747247575344999,0.06839301994529838,0.019412381951731374,0.08802643493732823,0.008687950740162794,0.1943666214791384,0.1262988933006674,0.05023515671853793,0.09203684963534214,0.05265196543295623,0.06905524699562109,0.19727442576107265,0.10666385787514922,0.2981942848937392,0.01859513067043374,0.10157374532194607
 g__Barnesiella,1.7125926940795672e-05,0.0,0.0,0.0,0.0,0.0,0.0,0.0,0.0,0.0,0.0009011292275632902,1.5782330103216438e-05,8.723872003349967e-05,5.342665188529298e-05,2.798024594636187e-05,1.570031243621748e-05,0.0,5.3848363009764504e-05,1.441482997708042e-05,1.599334676774462e-05
 g__Bifidobacterium,0.0035108150228631125,0.0043001783351550365,0.011239478461792376,0.003748211731044349,0.0018489570201536316,0.0013435485676812592,0.012388721524557425,0.002287638807250544,0.030745223735818818,0.034719084199427624,0.08365013657739856,0.0018307502919731068,0.03341242977283037,0.051022452550454796,0.014745589613732705,0.0023550468654326222,0.011853100203637385,0.0021718839747271682,0.0034018998745909794,0.0025429421360713945
 g__Bilophila,0.0004452741004606874,0.00020134614278317898,0.0017164548605380426,0.0002575107296137339,0.00011766090128250382,0.00039986564514323187,0.0005246589716684155,0.0006354552242362622,0.00014058172718710022,0.00022593764121102577,0.00054912562304638,0.0009785044663994191,0.0006106710402344977,0.0008681830931360109,0.00041970368919542805,0.0014287284316957906,0.0012358682676778317,0.0008077254451464676,0.00047568938924365386,0.0006397338707097847
 g__Blautia,0.03303591306879485,0.09418684922050279,0.0801782472355174,0.14064377682403434,0.08086665658144655,0.030373794405079892,0.23772128761466338,0.05601537801642652,0.1523343595799418,0.10384093990058743,0.0786657655374391,0.09183737887061645,0.08305126147189168,0.19300377993562087,0.18493543558247877,0.03168323049628688,0.09350466961589776,0.05790493968983343,0.09234140083317717,0.08817132073057608
 g__Brachybacterium,0.0,0.0,0.0,0.0,0.0,3.198925161145855e-05,0.0,0.0,0.0,0.0,0.0,0.0,0.0,0.0,0.0,1.570031243621748e-05,0.0,0.0,0.0,0.0
 g__Bulleidia,1.7125926940795672e-05,5.752746936662256e-05,8.252186829509821e-05,0.00010014306151645207,6.723480073285933e-05,4.7983877417187827e-05,3.3848965914091324e-05,3.177276121181311e-05,4.217451815613006e-05,0.00013556258472661545,2.816028836135282e-05,9.469398061929864e-05,5.23432320200998e-05,0.0001202099667419092,4.19703689195428e-05,3.140062487243496e-05,4.213187276174426e-05,8.974727168294084e-05,0.00010090380983956294,3.198669353548924e-05
 g__Butyricicoccus,0.004692503981778014,0.011865040556865903,0.01780821917808219,0.004034334763948498,0.007832854285378112,0.005102285632027638,0.01771993365602681,0.005973279107820865,0.007155609913823401,0.002952251845157403,0.0063642251696657375,0.009374704081310565,0.01057333286806016,0.0019901427827271633,0.00239231102841394,0.014161681817468168,0.004676637876553613,0.0020821367030442275,0.004180300693353322,0.0041582701596136005
 g__Butyricimonas,3.4251853881591344e-05,0.00030201921417476847,0.0001980524839082357,5.7224606580829754e-05,0.0008908611097103861,0.00015994625805729274,0.00015232034661341097,0.00030184123151222455,0.0001968144180619403,0.002786564241602651,0.00029568302779420464,0.00034721126227076163,0.00027916390410719896,0.0001736366186272022,0.0006575357797395039,0.00021980437410704473,0.0008988132855838776,0.009459362435381964,0.0001297334697937238,0.000335860282122637
 g__CF231,0.0004452741004606874,0.00040269228556635795,4.951312097705892e-05,1.4306151645207439e-05,5.04261005496445e-05,7.997312902864637e-05,0.0,0.00019063656727087868,0.00021087259078065034,0.0004368127730079831,0.00046464475796232155,0.0005681638837157918,0.00017447744006699934,0.0,0.00013990122973180934,4.710093730865244e-05,0.0,0.00021539345203905802,0.000273881769564528,0.0005757604836388062
 g__Cardiobacterium,0.0,0.0,0.0,0.0,0.0,0.0,0.0,0.0,0.0,0.0,2.816028836135282e-05,1.5782330103216438e-05,0.0,0.0,0.0,0.0,0.0,0.0,0.0,0.0
 g__Catenibacterium,0.0010618074703293316,0.10803658747051717,0.0013698630136986301,0.015350500715307582,0.0011598003126418233,0.0020473121031333473,0.0010154689774227398,0.000714887127265795,0.0008716067085600213,0.01275794547371592,0.0,0.0021779615542438686,0.0,0.00040069988913969733,0.0,0.0,0.0,0.0,0.0,0.0004318203627291047
 g__Cetobacterium,0.0,0.0002588736121498015,4.951312097705892e-05,0.0012303290414878397,1.6808700183214833e-05,4.7983877417187827e-05,1.6924482957045662e-05,1.5886380605906556e-05,1.4058172718710023e-05,0.0,0.0,3.1564660206432876e-05,0.0,0.00022706327051249517,0.0,0.0,1.4043957587248087e-05,0.0,4.324448993124126e-05,0.0
 g__Christensenella,3.4251853881591344e-05,1.438186734165564e-05,0.0,0.0,6.723480073285933e-05,0.0,0.0,0.0,0.0,4.518752824220515e-05,2.816028836135282e-05,4.734699030964932e-05,0.00013958195205359948,1.3356662971323245e-05,0.0004057135662222471,0.0,2.8087915174496174e-05,5.3848363009764504e-05,5.765931990832168e-05,0.00012794677414195696
 g__Citrobacter,0.014745423096025072,0.000877293907840994,0.0012873411454035319,0.00413447782546495,0.00201704402198578,0.0024151884966651205,0.00460345936431642,0.15015806948702878,0.0022774239804310235,0.0034342521464075914,0.001168651966996142,4.734699030964932e-05,0.00043619360016749836,0.0007880431153080715,0.00022384196757089495,0.0003297065611605671,0.0010392528614563583,0.010123492245835726,0.00046127455926657344,0.01423407862329271
 g__Cloacibacillus,1.7125926940795672e-05,0.0,1.650437365901964e-05,0.0,1.6808700183214833e-05,0.0,0.0,1.5886380605906556e-05,0.0,0.0,2.816028836135282e-05,1.5782330103216438e-05,3.489548801339987e-05,0.0,1.3990122973180934e-05,0.0,1.4043957587248087e-05,0.0,0.0,0.0
 g__Clostridium,0.003527940949803908,0.00471725248806305,0.0056279914177256975,0.013619456366237482,0.007916897786294185,0.005166264135250556,0.006685170768033036,0.011740035267764945,0.0019822023533381133,0.0039765024853140535,0.007349835262313086,0.005223951264164642,0.009648602435705063,0.007506444589883664,0.008282152800123113,0.012701552760899942,0.0058703742714697,0.005654078116025273,0.004223545183284563,0.0028308223778907974
 g__Collinsella,0.0009248000548029662,0.014913996433296899,0.001188314903449414,0.021201716738197426,0.0011598003126418233,0.08747460853153341,0.03897708425007616,0.0012073649260488982,0.0016869807262452027,0.005181503238439524,0.0007321674973951734,0.005681638837157918,0.001046864640401996,0.06078617318249208,0.0007274863946054086,0.002417848115177492,0.007148374411909276,0.0008256748994830557,0.001989246536837098,0.0009276141125291879
 g__Coprobacillus,5.137778082238701e-05,8.629120404993384e-05,0.0009242449249050998,0.00011444921316165951,8.404350091607416e-05,0.0001279570064458342,1.6924482957045662e-05,3.177276121181311e-05,0.0,0.00034643771652357285,1.408014418067641e-05,0.00039455825258041094,0.000261716160100499,4.0069988913969734e-05,4.19703689195428e-05,1.570031243621748e-05,4.213187276174426e-05,0.0002692418150488225,0.0,0.0003838403224258708
 g__Coprococcus,0.014711171242143481,0.055873554622332164,0.017181052979039445,0.026552217453505007,0.033684635167162524,0.013867340573567281,0.06326371729343669,0.012518467917454366,0.014789197700082943,0.032760957975598734,0.0493649854974515,0.031138537293646035,0.028195554314827093,0.04296838477874688,0.0705102197848319,0.03983169265068375,0.02047609016220771,0.01712377943710511,0.03050178023150217,0.02066340402392605
 g__Corynebacterium,0.0,0.0,1.650437365901964e-05,1.4306151645207439e-05,0.0,0.0,5.0773448871136986e-05,1.5886380605906556e-05,1.4058172718710023e-05,1.5062509414068383e-05,1.408014418067641e-05,1.5782330103216438e-05,3.489548801339987e-05,0.0003873432261683741,5.596049189272374e-05,0.0,2.8087915174496174e-05,3.5898908673176336e-05,2.882965995416084e-05,0.0
 g__Dehalobacterium,5.137778082238701e-05,5.752746936662256e-05,4.951312097705892e-05,4.291845493562232e-05,3.3617400366429666e-05,4.7983877417187827e-05,0.0,0.00012709104484725245,4.217451815613006e-05,7.531254707034192e-05,2.816028836135282e-05,0.00022095262144503016,0.0,6.678331485661622e-05,0.0,4.710093730865244e-05,0.0,0.00014359563469270534,0.0002162224496562063,7.996673383872309e-05
 g__Desulfovibrio,0.0008905482009213748,0.00056089282632457,0.0004951312097705892,0.001072961373390558,0.0005210697056796598,0.0003678763935317733,5.0773448871136986e-05,0.0006036824630244491,0.0024320638803368337,0.0006476879048049405,0.0017318577342231984,0.001010069126605852,0.0011515511044421956,0.0012688829822757083,0.0007694567635249513,0.0005181103103951769,0.0005196264307281792,0.0012385123492245835,0.008447090366569127,0.002271055241019736
 g__Dialister,0.007449778219246117,0.0010211125812575506,0.0008912361775870606,0.0015879828326180257,0.0006219219067789488,0.001215591561235425,0.0014724300172629726,0.005464914928431855,0.008955056021818284,0.021298388311492694,0.0031398721522908394,0.0014993213598055617,0.0020588337927905922,0.01111274359214094,0.002140488814896683,0.0020096399918358375,0.02516677199634857,0.002243681792073521,0.07817162296570712,0.002271055241019736
 g__Dietzia,0.0001198814885855697,7.190933670827821e-05,0.00011553061561313748,0.00018597997138769672,6.723480073285933e-05,0.00027190863869739766,0.00038926310801205025,0.00020652294787678523,0.00015463989990581025,6.0250037656273533e-05,2.816028836135282e-05,0.00011047631072251508,6.979097602679974e-05,0.0003339165742830811,5.596049189272374e-05,4.710093730865244e-05,9.83077031107366e-05,3.5898908673176336e-05,0.00011531863981664336,6.397338707097848e-05
 g__Dorea,0.003116918703224812,0.01838002646263591,0.019491665291302196,0.007882689556509299,0.013631855848587228,0.005438172773947953,0.0124902684222997,0.004082799815717985,0.005103116696891738,0.011673444795902998,0.006561347188195207,0.01365171553928222,0.010172034755906062,0.007720151197424836,0.0110801773947593,0.007708853406182783,0.004929429113124079,0.00558228029867892,0.008014645467256713,0.013770271567028116
 g__Eggerthella,8.562963470397836e-05,0.00017258240809986768,0.00023106123122627496,0.0005579399141630901,0.00018489570201536316,0.00047983877417187825,0.0007785262160241005,0.000142977425453159,9.840720903097015e-05,0.00013556258472661545,0.00022528230689082256,0.00037877592247719454,0.0003664026241406986,0.0017363661862720217,0.0005596049189272374,7.850156218108741e-05,0.00014043957587248087,0.0001615450890292935,5.765931990832168e-05,0.00046380705626459395
 g__Enterococcus,0.00025688890411193504,0.00030201921417476847,0.0006601749463607857,0.0006580829756795422,0.0004370262047635856,0.05300618992018682,0.0007446772501100091,0.0005242505599949164,0.00036551249068646056,0.00031631269769543606,0.0001408014418067641,1.5782330103216438e-05,1.7447744006699935e-05,2.671332594264649e-05,0.0,0.0022451446783790996,0.00016852749104697703,5.3848363009764504e-05,0.0,3.198669353548924e-05
 g__Epulopiscium,8.562963470397836e-05,0.00014381867341655642,0.0001980524839082357,7.15307582260372e-05,1.6808700183214833e-05,0.0,3.3848965914091324e-05,7.943190302953278e-05,2.8116345437420045e-05,0.0,0.00019712201852946975,0.0001578233010321644,0.0002093729280803992,8.013997782793947e-05,1.3990122973180934e-05,1.570031243621748e-05,2.8087915174496174e-05,0.0001615450890292935,7.20741498854021e-05,0.0
 g__Escherichia,0.01099484509599082,0.003983777253638613,0.00684931506849315,0.023075822603719598,0.008639671894172423,0.10908334799507366,0.047456250211556035,0.008403895340524568,0.16796704764314735,0.012034945021840639,0.007997521894624202,0.0019570089327988383,0.003262728129252888,0.02637940936836341,0.002574182627065292,0.008556670277738527,0.025798750087774734,0.005115594485927628,0.011070589422397763,0.06397338707097848
 g__Faecalibacterium,0.10583822849411724,0.15755335672783755,0.08412279254002311,0.34474964234620886,0.2190677894878389,0.10972313302730283,0.08254070338151169,0.3754110600981778,0.2640687163482491,0.08222623889139931,0.09330911548534257,0.02968656292415012,0.13935513138151237,0.10160413522285593,0.08939688579862617,0.2445637668189597,0.044055894951197244,0.17725086157380815,0.15419543626482926,0.18555480919937306
 g__Fibrobacter,0.0,0.0,0.0,0.0,3.3617400366429666e-05,0.0,0.0,0.0,2.8116345437420045e-05,0.0,0.0,0.0,0.0,0.0,1.3990122973180934e-05,0.0,0.0,0.0,5.765931990832168e-05,0.0
 g__Finegoldia,0.0,0.0,0.0,0.0,0.0,0.0,0.0,0.0,0.0,0.0,2.816028836135282e-05,0.0,0.0,2.671332594264649e-05,0.0,0.0,0.0,0.0,0.0,1.599334676774462e-05
 g__Fusobacterium,0.0,4.314560202496692e-05,0.0,2.8612303290414877e-05,0.0,0.0,3.3848965914091324e-05,1.5886380605906556e-05,0.0,0.0,1.408014418067641e-05,4.734699030964932e-05,0.0,0.00040069988913969733,1.3990122973180934e-05,1.570031243621748e-05,1.4043957587248087e-05,0.0,1.441482997708042e-05,1.599334676774462e-05
 g__Granulicatella,3.4251853881591344e-05,0.00010067307139158949,0.0005611487044066678,0.00010014306151645207,8.404350091607416e-05,0.00030389789030885623,0.0009816200115086483,7.943190302953278e-05,0.0003373961452490405,4.518752824220515e-05,0.0001267212976260877,9.469398061929864e-05,3.489548801339987e-05,0.00042741321508234383,5.596049189272374e-05,1.570031243621748e-05,0.00012639561828523278,0.0,0.0001297334697937238,9.59600806064677e-05
 g__Haemophilus,0.002089363086777072,0.0004889834896162918,0.003581449084007262,0.0017310443490701002,0.010387776713226765,0.0003838710193375026,0.0007954506989811461,0.0006513416048421688,0.00035145431796775056,0.0003313752071095044,0.00022528230689082256,4.734699030964932e-05,0.001081760128415396,0.0012822396452470315,0.00025182221351725684,9.420187461730488e-05,0.00025279123657046557,7.179781734635267e-05,0.00020180761967912588,0.00012794677414195696
 g__Halomonas,0.0004966518812830745,0.0002588736121498015,0.0003630962204984321,0.00038626609442060086,0.00023532180256500765,0.0008477151677036516,0.0015739769150052466,0.0003653867539358508,0.0003936288361238806,0.00040668775417984637,5.632057672270564e-05,0.00037877592247719454,0.0002093729280803992,0.0007212598004514553,0.00018187159865135216,0.00020410406167082725,0.0004353626852046907,0.000323090178058587,0.00017297795972496505,0.00022390685474842466
 g__Holdemania,8.562963470397836e-05,0.00028763734683311283,0.0001980524839082357,0.0004434907010014306,0.0009580959104432454,0.00028790326450312697,0.00022001827844159361,0.0002541820896945049,2.8116345437420045e-05,0.0004970628106642567,0.0002816028836135282,3.1564660206432876e-05,0.000261716160100499,0.0004140565521110206,0.0001538913527049903,0.00020410406167082725,0.00014043957587248087,0.0002692418150488225,0.00011531863981664336,3.198669353548924e-05
 g__KSA1,0.0,0.0,3.300874731803928e-05,0.0,0.0,1.5994625805729276e-05,1.6924482957045662e-05,3.177276121181311e-05,1.4058172718710023e-05,0.0,1.408014418067641e-05,0.0,0.0,1.3356662971323245e-05,0.0,0.0,0.0,0.0,1.441482997708042e-05,0.0
 g__Klebsiella,0.3302049973454813,0.003322211355922453,0.002937778511305496,0.0046351931330472105,0.012354394634662902,0.004878360870747429,0.021121754730392985,0.030358873337887428,0.005412396496703359,0.00605512878445549,0.02416152741404072,0.002698778447650011,0.0041700108176012845,0.004928608636418278,0.004308957875739728,0.003940778421490588,0.350579313250474,0.012456921309592188,0.010090380983956294,0.03974346671784538
 g__L7A_E11,0.0,4.314560202496692e-05,0.0,1.4306151645207439e-05,0.0,0.0,0.0,3.177276121181311e-05,2.8116345437420045e-05,1.5062509414068383e-05,1.408014418067641e-05,6.312932041286575e-05,1.7447744006699935e-05,0.0,0.0,0.0,1.4043957587248087e-05,0.0,0.0,3.198669353548924e-05
 g__Lachnobacterium,0.00010275556164477402,0.001840879019731922,9.902624195411784e-05,0.003204577968526466,0.00038660010421394115,0.0010396506773724028,8.462241478522832e-05,0.0018587065308910671,0.00018275624534323028,0.00013556258472661545,0.0009292895159246431,0.0006786401944383069,0.0010119691523885962,0.0008013997782793947,0.0008114271324444942,0.005871916851145338,0.0005477143459026754,0.021521395749569214,0.0009081342885560665,0.0005917538304065509
 g__Lachnospira,0.007295644876778955,0.0015820054075821204,0.011817131539858063,0.0022889842632331904,0.016724656682298757,0.008013307528670367,0.002014013471888434,0.006878802802357539,0.001968144180619403,0.002394938996836873,0.002365464222353637,0.0023831318455856823,0.0041176675855811844,0.0020168561086698097,0.003399599882482967,0.03151052705948849,0.0014184397163120568,0.0027642159678345777,0.0031856774249347727,0.0037104564501167516
 g__Lactobacillus,0.0008905482009213748,0.0023873899787148363,0.0009572536722231392,0.0001430615164520744,0.0009749046106264603,0.003998656451432318,0.0012185627729072877,0.0003177276121181311,0.0001265235544683902,0.0030878144298840185,0.001576976148235758,0.001546668350115211,0.000802596224308197,0.0014024496119889407,0.0007834468864981323,0.001727034367983923,0.0013341759707885682,0.00030514072372199886,0.00010090380983956294,0.0021111217733422896
 g__Lactococcus,0.0029799112876984467,0.003408502559972387,0.004076580293777851,0.0013304721030042918,0.0032608878355436773,0.006589785831960461,0.004468063500660055,0.0020970022399796656,0.0016869807262452027,0.001370688356680223,0.0029709104221227224,0.0018623149521795398,0.00265205708901839,0.0010017497228492433,0.002322360413548035,0.002747554676338059,0.003384593778526789,0.0017949454336588168,0.0016000461274559266,0.001967181652432588
 g__Leuconostoc,0.0,1.438186734165564e-05,0.0,1.4306151645207439e-05,0.0,0.0,1.6924482957045662e-05,1.5886380605906556e-05,0.0,1.5062509414068383e-05,1.408014418067641e-05,0.0,3.489548801339987e-05,0.0,0.0,0.0,2.8087915174496174e-05,0.0,0.0,0.0
 g__Megamonas,0.04166738024695587,0.005695219467295633,0.002211586070308632,0.0016452074391988555,0.05667893701780041,0.053342077062107134,0.0010154689774227398,0.001255024067866618,0.0033739614524904054,0.0014761259225787016,0.0021542620596434908,0.0006155108740254411,0.00043619360016749836,0.00042741321508234383,0.0020565480770575973,0.0030615609250624087,0.0008847693279966294,0.000323090178058587,0.01751401842215271,0.0013114544349550586
 g__Megasphaera,6.850370776318269e-05,1.438186734165564e-05,1.650437365901964e-05,0.00027181688125894134,6.723480073285933e-05,0.000927688296732298,0.0003554141420979589,7.943190302953278e-05,8.434903631226013e-05,0.000979063111914445,0.0001548815859874405,7.89116505160822e-05,6.979097602679974e-05,0.00025377659645514167,9.793086081226654e-05,0.00029830593628813216,0.010617231935959554,0.00010769672601952901,0.0004901042192207343,0.00020791350798068004
 g__Methanobrevibacter,6.850370776318269e-05,5.752746936662256e-05,0.0,0.00015736766809728184,6.723480073285933e-05,6.39785032229171e-05,5.0773448871136986e-05,0.00017475018666497213,0.0003233379725303305,6.0250037656273533e-05,1.408014418067641e-05,3.1564660206432876e-05,1.7447744006699935e-05,0.00010685330377058596,8.39407378390856e-05,1.570031243621748e-05,1.4043957587248087e-05,0.00017949454336588168,0.0006919118388998602,7.996673383872309e-05
 g__Mitsuokella,0.0,0.0,0.0,0.0,0.0,0.0,0.0,0.0,0.0,0.0003012501882813677,0.0,0.0,0.0,0.0,0.0,0.0,0.0,0.0,0.0,0.0
 g__Mogibacterium,1.7125926940795672e-05,2.876373468331128e-05,0.0,0.0,0.0,0.0,3.3848965914091324e-05,0.0,0.0,0.0,0.0,0.0,0.0,1.3356662971323245e-05,0.0,0.0,0.0,0.0,0.0,1.599334676774462e-05
 g__Mucispirillum,0.0,8.629120404993384e-05,9.902624195411784e-05,0.00034334763948497857,0.000100852201099289,0.0001919355096687513,0.0001353958636563653,0.0003336139927240377,0.00018275624534323028,3.0125018828136767e-05,2.816028836135282e-05,0.0001578233010321644,0.00013958195205359948,0.0004407698780536671,0.0004896543040613327,0.00017270343679839229,9.83077031107366e-05,0.0006282309017805859,0.0001297334697937238,3.198669353548924e-05
 g__Nesterenkonia,0.0,0.0,0.0,0.0,1.6808700183214833e-05,1.5994625805729276e-05,1.6924482957045662e-05,1.5886380605906556e-05,0.0,1.5062509414068383e-05,0.0,1.5782330103216438e-05,1.7447744006699935e-05,1.3356662971323245e-05,0.0,0.0,0.0,0.0,1.441482997708042e-05,0.0
 g__Odoribacter,0.0001712592694079567,8.629120404993384e-05,0.00016504373659019642,0.00011444921316165951,0.0008404350091607416,0.0003358871419203148,0.0001353958636563653,0.0003653867539358508,0.0005482687360296908,0.0008284380177737611,0.00029568302779420464,0.000252517281651463,3.489548801339987e-05,0.00020034994456984866,0.00039172344324906616,0.00031400624872434963,0.001966154062214732,0.0011128661688684664,0.0010090380983956294,0.0006877139110130186
 g__Oribacterium,1.7125926940795672e-05,0.0,1.650437365901964e-05,0.0,0.0,1.5994625805729276e-05,8.462241478522832e-05,1.5886380605906556e-05,0.0,3.0125018828136767e-05,0.0,0.0,0.0,8.013997782793947e-05,0.0,1.570031243621748e-05,2.8087915174496174e-05,0.0,0.0,0.0
 g__Oscillospira,0.004212978027435735,0.019962031870218028,0.007559003135830995,0.008626609442060085,0.022843023548988955,0.00815725916092193,0.0018447686423179771,0.0063545522423626224,0.006719806559543391,0.014188883868052417,0.011109233758553688,0.0207379817556264,0.030708029451791883,0.010685330377058596,0.038612739405979375,0.016658031494826746,0.004746857664489853,0.01832639287765652,0.023712395312297293,0.010779515721459873
 g__Oxalobacter,0.0,7.190933670827821e-05,4.951312097705892e-05,0.0,0.0002521305027482225,0.0,0.0,4.765914181771967e-05,1.4058172718710023e-05,4.518752824220515e-05,7.040072090338205e-05,6.312932041286575e-05,3.489548801339987e-05,5.342665188529298e-05,0.0003637431973027043,7.850156218108741e-05,0.00026683519415771366,0.0006641298104537622,0.00010090380983956294,6.397338707097848e-05
 g__Paludibacter,0.0,2.876373468331128e-05,3.300874731803928e-05,0.0,0.0,0.0,0.0,4.765914181771967e-05,8.434903631226013e-05,0.0,0.0,3.1564660206432876e-05,1.7447744006699935e-05,0.0,0.0,0.0,1.4043957587248087e-05,1.7949454336588168e-05,0.00011531863981664336,0.0
 g__Parabacteroides,0.0050350225205939275,0.003235920151872519,0.005396930186499422,0.0019742489270386265,0.004471114248735145,0.01788199165080533,0.002014013471888434,0.005433142167220043,0.0014479917900271323,0.020485012803133,0.012489087888259975,0.005807897477983649,0.006420769794465576,0.016655758725240086,0.005665999804138278,0.011162922142150629,0.03193595955340215,0.04526852383687536,0.0047713087224136195,0.004782010683555641
 g__Paraprevotella,0.009042489424740114,0.0005896565610078812,0.0002475656048852946,0.0003290414878397711,0.00018489570201536316,0.00039986564514323187,0.0001353958636563653,0.0010167283587780196,0.00035145431796775056,0.00025606266003916253,0.00035200360451691025,0.00011047631072251508,6.979097602679974e-05,0.0001202099667419092,5.596049189272374e-05,0.00021980437410704473,0.0004494066427919388,0.00023334290637564618,0.0018739278970204547,0.00012794677414195696
 g__Parvimonas,0.0,1.438186734165564e-05,3.300874731803928e-05,0.0,1.6808700183214833e-05,0.0,0.0,1.5886380605906556e-05,4.217451815613006e-05,0.0,0.0,0.0,1.7447744006699935e-05,0.00014692329268455568,0.0,0.0,0.0,0.0,0.0,0.0
 g__Peptococcus,0.0,1.438186734165564e-05,0.0,1.4306151645207439e-05,0.0,0.0,0.0,0.0,1.4058172718710023e-05,0.0,0.0,0.0,1.7447744006699935e-05,0.0,0.0,0.0,0.0,0.0,4.324448993124126e-05,0.0
 g__Peptostreptococcus,0.0,0.0,0.0,0.0,0.0,0.0,0.0,1.5886380605906556e-05,2.8116345437420045e-05,0.0,0.0,3.1564660206432876e-05,0.0,8.013997782793947e-05,0.0,1.570031243621748e-05,0.0,1.7949454336588168e-05,0.0,0.0
 g__Phascolarctobacterium,0.0016783408401979758,0.003394120692630731,0.0004456180887935303,0.0025608011444921315,0.0029247138318793807,0.0032788982901745013,0.001201638289950242,0.0013503423515020573,0.0007029086359355011,0.00040668775417984637,0.0013798541297062883,0.058662920993655505,0.0010119691523885962,0.004474482095393287,0.0032876788986975197,0.0036424724852024554,0.002247033213959694,0.0012205628948879954,0.004252374843238724,0.0019831749992003326
 g__Plesiomonas,1.7125926940795672e-05,0.0,0.0,4.291845493562232e-05,0.0,1.5994625805729276e-05,1.6924482957045662e-05,0.0,1.4058172718710023e-05,1.5062509414068383e-05,0.0,0.0,0.0,0.0,0.0,0.0,0.0,0.0,0.0,0.0
 g__Prevotella,0.0009419259817437618,0.02840418799976989,0.0012213236507674534,0.001988555078683834,0.0006219219067789488,0.0032149197869515843,0.00022001827844159361,0.0012867968290784311,0.003416135970646535,0.002153938846211779,0.0012249725437188477,0.0031091190303336384,0.0017273266566632934,0.0021637794013543658,0.0007274863946054086,0.0015857315560579655,0.0005758022610771715,0.0017051981619758759,0.02019517679788967,0.001679301410613185
 g__Proteus,8.562963470397836e-05,0.0,0.0,0.0,0.0,0.0,0.0,0.0,0.0,0.0,5.632057672270564e-05,0.0,0.0,0.0,0.0,0.0,4.213187276174426e-05,0.0,0.0,0.0
 g__Pseudoramibacter_Eubacterium,1.7125926940795672e-05,0.0,0.0,0.0,5.04261005496445e-05,0.0,0.0,0.0,1.4058172718710023e-05,0.00010543756589847869,8.448086508405846e-05,0.00037877592247719454,5.23432320200998e-05,0.00010685330377058596,0.0007134962716322277,9.420187461730488e-05,0.0001123516606979847,5.3848363009764504e-05,8.648897986248252e-05,0.00015993346767744618
 g__Pyramidobacter,0.0,1.438186734165564e-05,0.0,0.0,0.0,0.0,0.0,0.0,0.0,3.0125018828136767e-05,0.0,3.1564660206432876e-05,5.23432320200998e-05,5.342665188529298e-05,4.19703689195428e-05,3.140062487243496e-05,9.83077031107366e-05,0.0,0.0,9.59600806064677e-05
 g__RFN20,1.7125926940795672e-05,0.0,0.0,0.0,0.0,0.0,0.0,0.0,0.0,4.518752824220515e-05,0.0,0.0,0.0,0.0,0.0,0.0,0.0,0.0,1.441482997708042e-05,0.0
 g__Rikenella,3.4251853881591344e-05,0.00027325547949145714,1.650437365901964e-05,0.00010014306151645207,0.000100852201099289,0.0,0.0,0.00012709104484725245,0.000632617772341951,0.00024100015062509413,0.00019712201852946975,0.00033142893216754523,1.7447744006699935e-05,0.0001202099667419092,0.00020985184459771403,3.140062487243496e-05,0.0,0.00041283744974152786,0.0006486673489686189,0.00020791350798068004
 g__Roseburia,0.06619170762617527,0.054981878847149515,0.1955438191120647,0.04781115879828326,0.06758778343670684,0.020425137153916285,0.015028940865856547,0.03806376793175211,0.08409598920332335,0.02934176833860521,0.10472811241587114,0.11786244121082036,0.10894371357783439,0.02416220331512375,0.041970368919542804,0.03626772172766238,0.0271329260585633,0.05799468696151637,0.15958658267625733,0.06470908102229472
 g__Rothia,0.00018838519634875237,0.00028763734683311283,0.0007592011883149034,0.0013447782546494992,0.00033617400366429663,0.0004478495225604197,0.002369427613986393,0.00017475018666497213,0.0026429364711174842,0.00040668775417984637,0.00021120216271014615,7.89116505160822e-05,0.0001046864640401996,0.0009349664079926272,0.0001538913527049903,0.0,0.0002106593638087213,0.0,0.0001297334697937238,0.00015993346767744618
 g__Ruminococcus,0.00981315613707592,0.016510383708220677,0.11389668262089454,0.04224606580829757,0.01808616139713916,0.012747716767166233,0.004417290051788918,0.014504265493192685,0.007619529613540832,0.01564994728121705,0.07784911717495988,0.0074019128184085094,0.06830791778623024,0.016922891984666552,0.08031729598903174,0.03472909110891307,0.01782178217821782,0.017680212521539344,0.02124745938621654,0.039327639701884014
 g__SMB53,0.008871230155332158,0.00673071391589484,0.037547450074269684,0.014434907010014306,0.018187013598238447,0.00969274323827194,0.009257692177503976,0.0071329848920520435,0.008153740176851812,0.03271577044735653,0.035580524344569285,0.008696063886872258,0.044125344592944135,0.02934458854799717,0.029589110088277675,0.00984409589750836,0.009746506565550171,0.015508328546812177,0.026840413417323742,0.028164283657998272
 g__Sarcina,0.0,0.0,0.0,0.0002861230329041488,0.0,0.0,3.3848965914091324e-05,0.0003336139927240377,0.00028116345437420045,0.0,0.0,1.5782330103216438e-05,1.7447744006699935e-05,0.00022706327051249517,0.0,0.0,0.0,0.00014359563469270534,0.00030271142951868884,0.0
 g__Serratia,0.002825777945231286,7.190933670827821e-05,4.951312097705892e-05,0.0002575107296137339,0.00033617400366429663,0.0001919355096687513,0.00045696103984023287,0.005020096271466472,0.00021087259078065034,7.531254707034192e-05,0.0001548815859874405,0.0,6.979097602679974e-05,8.013997782793947e-05,2.798024594636187e-05,0.0,5.617583034899235e-05,0.0003410396323951752,2.882965995416084e-05,0.00036784697565812624
 g__Slackia,0.0,0.0,0.0,5.7224606580829754e-05,0.0,0.0,1.6924482957045662e-05,0.0,0.0,0.0,1.408014418067641e-05,0.0,0.0,2.671332594264649e-05,0.0,0.0,0.00015448353345972896,1.7949454336588168e-05,0.0,0.0
 g__Sphaerochaeta,0.0,1.438186734165564e-05,0.0,0.00010014306151645207,0.0,4.7983877417187827e-05,0.0,3.177276121181311e-05,5.623269087484009e-05,1.5062509414068383e-05,0.0,1.5782330103216438e-05,0.0,4.0069988913969734e-05,0.0,6.280124974486992e-05,0.0,0.0,4.324448993124126e-05,0.0
 g__Sphingobacterium,0.0,0.0,0.0,0.0,0.0,0.0,0.0,0.0,0.0,0.0,0.0,0.0,0.0,0.0,2.798024594636187e-05,0.0,0.0,0.0,0.0,0.0
 g__Staphylococcus,3.4251853881591344e-05,5.752746936662256e-05,0.0,4.291845493562232e-05,0.00013446960146571866,0.0,0.0,0.0,1.4058172718710023e-05,0.0,5.632057672270564e-05,0.0,0.00013958195205359948,0.0002804899223977881,2.798024594636187e-05,0.0,4.213187276174426e-05,0.0,2.882965995416084e-05,1.599334676774462e-05
 g__Streptococcus,0.0050350225205939275,0.006701950181211528,0.028271992077900644,0.03992846924177396,0.005832618963575547,0.011116264934981846,0.16448904985952678,0.007450712504170175,0.016434003908172016,0.015273384545865342,0.014305426487567233,0.0023042201950696003,0.004030428865547685,0.0102846304879189,0.0015389135270499027,0.00211954217888936,0.009072396601362264,0.0017769959793222285,0.005520879881221801,0.0015193679429357388
 g__Sutterella,0.006936000411022247,0.0011074037853074843,0.0010397755405182373,0.002732474964234621,0.0014119308153900459,0.0013115593160698004,0.0006431303523677351,0.004019254293294359,0.010656094920782197,0.0009489380930863082,0.002365464222353637,0.0019096619424891891,0.00259971385699829,0.0008948964190786574,0.0005456147959540564,0.00211954217888936,0.0010111649462818623,0.012905657668006892,0.0009081342885560665,0.0006397338707097847
 g__Synergistes,0.0,0.0,0.0,2.8612303290414877e-05,0.0,0.0,0.0,1.5886380605906556e-05,0.0,1.5062509414068383e-05,1.408014418067641e-05,3.1564660206432876e-05,1.7447744006699935e-05,0.0,0.0,3.140062487243496e-05,2.8087915174496174e-05,1.7949454336588168e-05,8.648897986248252e-05,0.0
 g__Treponema,0.0003425185388159134,0.00028763734683311283,0.00023106123122627496,0.00018597997138769672,0.0003193653034810818,0.000463844148366149,5.0773448871136986e-05,0.00030184123151222455,0.0008294321904038913,0.0006476879048049405,0.00054912562304638,0.0001578233010321644,0.00022682067208709914,0.00029384658536911137,0.00034975307432952334,0.00028260562385191464,1.4043957587248087e-05,0.000323090178058587,0.0005765931990832168,0.0006557272174775293
 g__Turicibacter,0.0004795259543422788,0.0009779669792325835,0.004258128404027067,0.0020743919885550786,0.0021347049232682837,0.00030389789030885623,0.00020309379548454795,0.00046070503757129016,0.0008575485358413114,0.0006778129236330773,0.0008307285066599082,0.0005208168934061425,0.0020413860487838924,0.0012688829822757083,0.0005735950419004183,0.000423908435777872,0.0004353626852046907,0.0005743825387708214,0.0013549940178455594,0.005517704634871893
 g__Veillonella,0.0013186963744412667,2.876373468331128e-05,8.252186829509821e-05,0.0003290414878397711,0.00033617400366429663,0.00014395163225156349,0.0003215651761838676,0.00017475018666497213,0.0006888504632167911,0.00015062509414068384,0.0001548815859874405,9.469398061929864e-05,0.00012213420804689954,0.0011086030266198293,5.596049189272374e-05,6.280124974486992e-05,5.617583034899235e-05,3.5898908673176336e-05,0.0003459559194499301,1.599334676774462e-05
 g__WAL_1855D,0.0,1.438186734165564e-05,0.0,0.0,0.0,1.5994625805729276e-05,0.0,7.943190302953278e-05,1.4058172718710023e-05,0.0,1.408014418067641e-05,0.0,0.0,0.0,0.0,1.570031243621748e-05,5.617583034899235e-05,0.0,0.0,0.0
 g__Weissella,0.0,0.0,1.650437365901964e-05,0.0,0.0,0.0,0.0,0.0,0.0,0.0,1.408014418067641e-05,0.0,6.979097602679974e-05,0.0,0.0,0.0,0.0,1.7949454336588168e-05,1.441482997708042e-05,0.0
 g__YRC22,0.0,0.00011505493873324512,4.951312097705892e-05,0.00021459227467811158,5.04261005496445e-05,0.00023991938708593913,0.0,0.00019063656727087868,0.00042174518156130067,4.518752824220515e-05,1.408014418067641e-05,9.469398061929864e-05,1.7447744006699935e-05,0.00025377659645514167,4.19703689195428e-05,0.00036110718603300204,1.4043957587248087e-05,0.0003410396323951752,0.0008793046286019057,1.599334676774462e-05
 g__[Eubacterium],0.0007706667123358052,0.0706149686475292,0.0016834461132200034,0.0008011444921316165,0.000806817608794312,0.003038978903088562,0.0021832583014588904,0.00023829570908859835,0.0027554018528671642,0.0009188130742581714,0.0006758469206724676,0.002130614563934219,0.0022856544648776913,0.0004140565521110206,0.0003637431973027043,0.0006908137471935691,0.0014886595042482972,0.0001615450890292935,0.015640090525132256,0.00030387358858714774
 g__[Prevotella],0.00018838519634875237,0.0008197664384743715,0.00013203498927215712,7.15307582260372e-05,3.3617400366429666e-05,0.0004158602709489611,1.6924482957045662e-05,3.177276121181311e-05,0.0008856648812787314,0.00013556258472661545,0.0007462476415758498,0.0008048988352640383,0.000540880064207698,0.0005075531929102833,0.00034975307432952334,0.0006908137471935691,0.00029492310933220984,0.0005923319931074095,0.021132140746399897,0.0006077471771742955
 g__[Ruminococcus],0.022726105050435853,0.10593683483863545,0.0880673378445288,0.032188841201716736,0.02647370278856336,0.04910350122358888,0.1039670988051315,0.017586223330738556,0.06659356416852938,0.04262690164181353,0.043915969699529725,0.08500362993592374,0.044491747217084834,0.04515887750604389,0.03581471481134319,0.025513007708853407,0.027638508531704235,0.014467260195290063,0.04152912516396869,0.04436554393372357
 g__p-75-a5,0.0,0.00011505493873324512,1.650437365901964e-05,5.7224606580829754e-05,8.404350091607416e-05,1.5994625805729276e-05,0.0,1.5886380605906556e-05,4.217451815613006e-05,4.518752824220515e-05,0.0,0.0001578233010321644,1.7447744006699935e-05,1.3356662971323245e-05,1.3990122973180934e-05,3.140062487243496e-05,2.8087915174496174e-05,1.7949454336588168e-05,4.324448993124126e-05,1.599334676774462e-05
 g__rc4-4,1.7125926940795672e-05,5.752746936662256e-05,0.0,1.4306151645207439e-05,0.0,0.0,0.0,1.5886380605906556e-05,2.8116345437420045e-05,4.518752824220515e-05,1.408014418067641e-05,3.1564660206432876e-05,6.979097602679974e-05,0.0,0.0,0.0,0.0,0.00010769672601952901,2.882965995416084e-05,0.0001919201612129354
 Others,0.12546454076826907,0.16275959270551688,0.10851625680805413,0.13972818311874105,0.23443094145529725,0.27270836998768416,0.10528720847578106,0.11609766946796511,0.09501918940576104,0.2706732941708089,0.17855030835515756,0.39885104636848584,0.24186062742087447,0.250691207308766,0.21048140013150715,0.22779583313707943,0.1292605856330314,0.1642913555427915,0.18488460928603348,0.2301282666410773
